{
  "products": [
    {
      "id": 1764046942694,
      "name": "Laptop",
      "price": 75000,
      "category": "Electronics",
      "description": "This is the best laptop in market."
    },
    {
      "id": 1764046982915,
      "name": "Smartphone",
      "price": 15000,
      "category": "Electronics",
      "description": "This is the best smartphone in market."
    },
    {
      "id": 1764047019089,
      "name": "Cooler",
      "price": 10000,
      "category": "Home Appliances",
      "description": "This is the best cooler in market"
    },
    {
      "id": 1764047057088,
      "name": "Can love happen twice?",
      "price": 350,
      "category": "Books",
      "description": "This is the best romantic novel."
    },
    {
      "id": 1764047092826,
      "name": "Jeans",
      "price": 1500,
      "category": "Clothing",
      "description": "Cargo Jeans made of cotton."
    }
  ]
}